framework_code,framework_name,framework_publisher,jurisdiction_code,country_code,effective_from,is_mandatory,source_url,control_id,control_name,control_description,control_category,obligation_family,mandatory_records,source_section,retrieved_date,status,notes
AU_6_2025,Guidance for AI Adoption — 6 Essential Practices,Australian Government Department of Industry Science and Resources,AU,AU,2025-10-08,false,https://www.industry.gov.au/publications/guidance-for-ai-adoption/guidance-ai-adoption-implementation-practices,P1,Decide who is accountable,Every AI use case must have clear owners with defined accountability for AI governance across the organisation.,Accountability,accountability,AI governance policy|job descriptions|executive accountable official assignment|responsible-parties register|governance forum minutes,Practice 1 — Accountability,2026-04-19,complete,Guidance names two roles: Executive accountable official (org-wide); Responsible parties (approve/operate/monitor each AI system)
AU_6_2025,Guidance for AI Adoption — 6 Essential Practices,Australian Government Department of Industry Science and Resources,AU,AU,2025-10-08,false,https://www.industry.gov.au/publications/guidance-for-ai-adoption/guidance-ai-adoption-implementation-practices,P2,Understand impacts and plan accordingly,Identify affected groups and potential harms before deployment; plan mitigation accordingly.,Impact,impact_assessment,AI screening/intake form|impact assessment record|stakeholder-identification record,Practice 2 — Impacts,2026-04-19,complete,Pre-deployment; covers end-users third parties public and environment
AU_6_2025,Guidance for AI Adoption — 6 Essential Practices,Australian Government Department of Industry Science and Resources,AU,AU,2025-10-08,false,https://www.industry.gov.au/publications/guidance-for-ai-adoption/guidance-ai-adoption-implementation-practices,P3,Measure and manage risks,Treat AI use like any other material business risk — identify score treat and monitor.,Risk management,risk_management,enterprise risk register entries|risk treatment records|control records|risk review schedule,Practice 3 — Risk,2026-04-19,complete,Integrate with existing ERM; do not create a parallel AI-only risk process
AU_6_2025,Guidance for AI Adoption — 6 Essential Practices,Australian Government Department of Industry Science and Resources,AU,AU,2025-10-08,false,https://www.industry.gov.au/publications/guidance-for-ai-adoption/guidance-ai-adoption-implementation-practices,P4,Share essential information,Maintain transparency about AI use and limitations — internally to staff and externally to end-users and stakeholders.,Transparency,transparency,AI system register|privacy notices|supplier AI disclosure|end-user disclosure content|model-card equivalent,Practice 4 — Transparency,2026-04-19,complete,AI system register is the keystone artefact; external disclosure required for consequential AI
AU_6_2025,Guidance for AI Adoption — 6 Essential Practices,Australian Government Department of Industry Science and Resources,AU,AU,2025-10-08,false,https://www.industry.gov.au/publications/guidance-for-ai-adoption/guidance-ai-adoption-implementation-practices,P5,Test and monitor,AI systems must be tested before use and monitored in life; incidents captured and actioned against pre-agreed thresholds.,Testing & monitoring,testing_monitoring,pre-deployment test results|monitoring metrics|drift-detection records|incident thresholds|incident log,Practice 5 — Testing,2026-04-19,complete,Incident thresholds must be defined up front not post-hoc
AU_6_2025,Guidance for AI Adoption — 6 Essential Practices,Australian Government Department of Industry Science and Resources,AU,AU,2025-10-08,false,https://www.industry.gov.au/publications/guidance-for-ai-adoption/guidance-ai-adoption-implementation-practices,P6,Maintain human control,People remain responsible for decisions and outcomes — AI supports but does not replace human judgement on consequential actions.,Human oversight,human_oversight,human-oversight process documentation|training records|appeals/recourse procedures|override log,Practice 6 — Human control,2026-04-19,complete,Approval override and appeals pathways must be documented per AI use case
NIST_AI_RMF_10,NIST AI Risk Management Framework,NIST,US,US,2023-01-26,false,https://www.nist.gov/itl/ai-risk-management-framework,GOVERN-1,Policies processes procedures and practices,Policies processes procedures and practices across the organisation related to the mapping measuring and managing of AI risks are in place transparent and implemented effectively.,Govern,accountability,AI risk policy|process documentation|implementation evidence,AI RMF 1.0 §5.1,2026-04-19,top_level_only,
NIST_AI_RMF_10,NIST AI Risk Management Framework,NIST,US,US,2023-01-26,false,https://www.nist.gov/itl/ai-risk-management-framework,GOVERN-2,Accountability structures,Accountability structures are in place so that the appropriate teams and individuals are empowered responsible and trained for mapping measuring and managing AI risks.,Govern,accountability,accountability structure chart|training records|role assignments,AI RMF 1.0 §5.1,2026-04-19,top_level_only,
NIST_AI_RMF_10,NIST AI Risk Management Framework,NIST,US,US,2023-01-26,false,https://www.nist.gov/itl/ai-risk-management-framework,GOVERN-3,Workforce diversity equity inclusion and accessibility,Workforce diversity equity inclusion and accessibility processes are prioritised in the mapping measuring and managing of AI risks throughout the lifecycle.,Govern,accountability,DEIA policy|workforce composition record|accessibility review,AI RMF 1.0 §5.1,2026-04-19,top_level_only,DEIA grouped under accountability family as workforce accountability
NIST_AI_RMF_10,NIST AI Risk Management Framework,NIST,US,US,2023-01-26,false,https://www.nist.gov/itl/ai-risk-management-framework,GOVERN-4,Commitment to AI risk management culture,Organisational teams are committed to a culture that considers and communicates AI risk.,Govern,accountability,culture assessment|risk-awareness training records,AI RMF 1.0 §5.1,2026-04-19,top_level_only,Risk culture is a dimension of organisational accountability
NIST_AI_RMF_10,NIST AI Risk Management Framework,NIST,US,US,2023-01-26,false,https://www.nist.gov/itl/ai-risk-management-framework,GOVERN-5,External stakeholder engagement,Processes are in place for robust engagement with relevant AI actors.,Govern,impact_assessment,stakeholder engagement log|feedback integration record,AI RMF 1.0 §5.1,2026-04-19,top_level_only,
NIST_AI_RMF_10,NIST AI Risk Management Framework,NIST,US,US,2023-01-26,false,https://www.nist.gov/itl/ai-risk-management-framework,GOVERN-6,Addressing risks from third-party resources,Policies and procedures are in place to address AI risks and benefits arising from third-party software and data and other supply chain issues.,Govern,third_party_supply_chain,supplier AI assessment|supply-chain risk register|contracts,AI RMF 1.0 §5.1,2026-04-19,top_level_only,
NIST_AI_RMF_10,NIST AI Risk Management Framework,NIST,US,US,2023-01-26,false,https://www.nist.gov/itl/ai-risk-management-framework,MAP-1,Context,Context is established and understood.,Map,impact_assessment,context document|operating envelope|use case description,AI RMF 1.0 §5.2,2026-04-19,top_level_only,
NIST_AI_RMF_10,NIST AI Risk Management Framework,NIST,US,US,2023-01-26,false,https://www.nist.gov/itl/ai-risk-management-framework,MAP-2,AI system categorisation,Categorisation of the AI system is performed.,Map,risk_management,system categorisation record|risk-tier assignment,AI RMF 1.0 §5.2,2026-04-19,top_level_only,
NIST_AI_RMF_10,NIST AI Risk Management Framework,NIST,US,US,2023-01-26,false,https://www.nist.gov/itl/ai-risk-management-framework,MAP-3,AI capabilities and risks,AI capabilities targeted usage goals and expected benefits and costs are understood.,Map,impact_assessment,capability statement|cost-benefit analysis,AI RMF 1.0 §5.2,2026-04-19,top_level_only,
NIST_AI_RMF_10,NIST AI Risk Management Framework,NIST,US,US,2023-01-26,false,https://www.nist.gov/itl/ai-risk-management-framework,MAP-4,Third-party risks and benefits,Risks and benefits are mapped for all components of the AI system including third-party software and data.,Map,third_party_supply_chain,third-party component inventory|risk assessment,AI RMF 1.0 §5.2,2026-04-19,top_level_only,
NIST_AI_RMF_10,NIST AI Risk Management Framework,NIST,US,US,2023-01-26,false,https://www.nist.gov/itl/ai-risk-management-framework,MAP-5,Impacts to individuals groups and society,Impacts to individuals groups communities organisations and society are characterised.,Map,impact_assessment,impact characterisation|affected-group analysis,AI RMF 1.0 §5.2,2026-04-19,top_level_only,
NIST_AI_RMF_10,NIST AI Risk Management Framework,NIST,US,US,2023-01-26,false,https://www.nist.gov/itl/ai-risk-management-framework,MEASURE-1,Appropriate methods and metrics,Appropriate methods and metrics are identified and applied.,Measure,testing_monitoring,metrics catalog|measurement methodology,AI RMF 1.0 §5.3,2026-04-19,top_level_only,
NIST_AI_RMF_10,NIST AI Risk Management Framework,NIST,US,US,2023-01-26,false,https://www.nist.gov/itl/ai-risk-management-framework,MEASURE-2,Evaluation for trustworthy characteristics,AI systems are evaluated for trustworthy characteristics (validity reliability safety security privacy transparency accountability fairness).,Measure,testing_monitoring,evaluation results|trustworthiness scorecard,AI RMF 1.0 §5.3,2026-04-19,top_level_only,
NIST_AI_RMF_10,NIST AI Risk Management Framework,NIST,US,US,2023-01-26,false,https://www.nist.gov/itl/ai-risk-management-framework,MEASURE-3,Tracking of identified risks,Mechanisms for tracking identified AI risks over time are in place.,Measure,testing_monitoring,risk tracking log|trend analysis,AI RMF 1.0 §5.3,2026-04-19,top_level_only,
NIST_AI_RMF_10,NIST AI Risk Management Framework,NIST,US,US,2023-01-26,false,https://www.nist.gov/itl/ai-risk-management-framework,MEASURE-4,Feedback about measurement efficacy,Feedback about efficacy of measurement is gathered and assessed.,Measure,testing_monitoring,feedback log|measurement-improvement actions,AI RMF 1.0 §5.3,2026-04-19,top_level_only,
NIST_AI_RMF_10,NIST AI Risk Management Framework,NIST,US,US,2023-01-26,false,https://www.nist.gov/itl/ai-risk-management-framework,MANAGE-1,Risk prioritisation and response,AI risks based on assessments and other analytical output from Map and Measure are prioritised responded to and managed.,Manage,risk_management,prioritised risk list|response decisions,AI RMF 1.0 §5.4,2026-04-19,top_level_only,
NIST_AI_RMF_10,NIST AI Risk Management Framework,NIST,US,US,2023-01-26,false,https://www.nist.gov/itl/ai-risk-management-framework,MANAGE-2,Strategies to maximise benefits,Strategies to maximise AI benefits and minimise negative impacts are planned prepared implemented documented and informed by input from relevant AI actors.,Manage,risk_management,benefit-maximisation plan|stakeholder input,AI RMF 1.0 §5.4,2026-04-19,top_level_only,
NIST_AI_RMF_10,NIST AI Risk Management Framework,NIST,US,US,2023-01-26,false,https://www.nist.gov/itl/ai-risk-management-framework,MANAGE-3,Third-party risk response,AI risks and benefits from third-party resources are regularly monitored and risk controls are applied and documented.,Manage,third_party_supply_chain,third-party monitoring log|control evidence,AI RMF 1.0 §5.4,2026-04-19,top_level_only,
NIST_AI_RMF_10,NIST AI Risk Management Framework,NIST,US,US,2023-01-26,false,https://www.nist.gov/itl/ai-risk-management-framework,MANAGE-4,Risk treatment and communication,Risk treatments including response and recovery and communication plans for the identified and measured AI risks are documented and monitored regularly.,Manage,risk_management,risk treatment plan|incident response playbook|communication plan,AI RMF 1.0 §5.4,2026-04-19,top_level_only,
UK_5_PRINCIPLES,UK AI Regulation — 5 cross-sectoral principles,UK Government (DSIT),UK,UK,2024-02-06,false,https://www.gov.uk/government/consultations/ai-regulation-a-pro-innovation-approach-policy-proposals,UK_P1,Safety security and robustness,AI systems must operate safely securely and robustly with risks identified assessed and managed throughout the AI life cycle.,Safety,risk_management,safety testing records|security controls|robustness test evidence|incident response plan,White Paper §3.2.1,2026-04-19,complete,Cross-sectoral; interpreted by each UK sector regulator within their remit
UK_5_PRINCIPLES,UK AI Regulation — 5 cross-sectoral principles,UK Government (DSIT),UK,UK,2024-02-06,false,https://www.gov.uk/government/consultations/ai-regulation-a-pro-innovation-approach-policy-proposals,UK_P2,Appropriate transparency and explainability,Parties directly affected by AI should be able to access sufficient information about AI systems to scrutinise and challenge outcomes.,Transparency,transparency,transparency notices|explainability documentation|model cards or equivalents,White Paper §3.2.2,2026-04-19,complete,Proportional to risk and context not full explainability for every system
UK_5_PRINCIPLES,UK AI Regulation — 5 cross-sectoral principles,UK Government (DSIT),UK,UK,2024-02-06,false,https://www.gov.uk/government/consultations/ai-regulation-a-pro-innovation-approach-policy-proposals,UK_P3,Fairness,AI systems should not undermine legal rights or discriminate unfairly or create unfair commercial outcomes.,Fairness,impact_assessment,bias testing evidence|fairness metrics|remediation log,White Paper §3.2.3,2026-04-19,complete,Fairness as impact-on-groups; also touches risk_management (bias risk) via bridge relationship
UK_5_PRINCIPLES,UK AI Regulation — 5 cross-sectoral principles,UK Government (DSIT),UK,UK,2024-02-06,false,https://www.gov.uk/government/consultations/ai-regulation-a-pro-innovation-approach-policy-proposals,UK_P4,Accountability and governance,Governance measures should ensure effective oversight of AI supply and use with clear accountability for outcomes.,Accountability,accountability,accountability assignments|governance committee records|supply-chain contracts,White Paper §3.2.4,2026-04-19,complete,
UK_5_PRINCIPLES,UK AI Regulation — 5 cross-sectoral principles,UK Government (DSIT),UK,UK,2024-02-06,false,https://www.gov.uk/government/consultations/ai-regulation-a-pro-innovation-approach-policy-proposals,UK_P5,Contestability and redress,Users and affected third parties should be able to contest AI decisions and seek redress where outcomes are harmful or unfair.,Redress,redress,complaints process|appeals log|redress outcomes,White Paper §3.2.5,2026-04-19,complete,Especially salient for consumer-facing and high-impact AI
ISO_42001_2023,ISO/IEC 42001:2023 Annex A — AI Management System controls,ISO/IEC,INT,INT,2023-12-18,false,https://www.iso.org/standard/81230.html,A.2,Policies related to AI,Organisation-wide AI policies establishing intent scope and responsibilities.,Policies,accountability,AI policy|supporting procedures,Annex A.2,2026-04-19,stub,Expand to individual controls when ISO/IEC 42001:2023 acquired (paywalled)
ISO_42001_2023,ISO/IEC 42001:2023 Annex A — AI Management System controls,ISO/IEC,INT,INT,2023-12-18,false,https://www.iso.org/standard/81230.html,A.3,Internal organisation,AI-specific roles responsibilities and reporting lines within the organisation.,Organisation,accountability,role assignments|responsibility matrix|reporting lines,Annex A.3,2026-04-19,stub,Expand
ISO_42001_2023,ISO/IEC 42001:2023 Annex A — AI Management System controls,ISO/IEC,INT,INT,2023-12-18,false,https://www.iso.org/standard/81230.html,A.4,Resources for AI systems,Ensuring adequate human data and computational resources for AI systems.,Resources,accountability,resource allocation plan|capacity records,Annex A.4,2026-04-19,stub,Org-level resource allocation grouped under accountability family
ISO_42001_2023,ISO/IEC 42001:2023 Annex A — AI Management System controls,ISO/IEC,INT,INT,2023-12-18,false,https://www.iso.org/standard/81230.html,A.5,Assessing impacts of AI systems,Impact assessments on individuals groups and society.,Impact,impact_assessment,impact assessment reports|affected-group analysis,Annex A.5,2026-04-19,stub,Expand
ISO_42001_2023,ISO/IEC 42001:2023 Annex A — AI Management System controls,ISO/IEC,INT,INT,2023-12-18,false,https://www.iso.org/standard/81230.html,A.6,AI system life cycle,Controls across design development deployment and retirement phases.,Lifecycle,testing_monitoring,lifecycle documentation|phase gate records,Annex A.6,2026-04-19,stub,Lifecycle includes pre-deployment test + ongoing monitoring + retirement
ISO_42001_2023,ISO/IEC 42001:2023 Annex A — AI Management System controls,ISO/IEC,INT,INT,2023-12-18,false,https://www.iso.org/standard/81230.html,A.7,Data for AI systems,Data governance including provenance quality and handling.,Data,data_governance,data catalog|provenance records|quality reports,Annex A.7,2026-04-19,stub,Expand
ISO_42001_2023,ISO/IEC 42001:2023 Annex A — AI Management System controls,ISO/IEC,INT,INT,2023-12-18,false,https://www.iso.org/standard/81230.html,A.8,Information for interested parties of AI systems,Transparency and disclosure to users stakeholders and regulators.,Disclosure,transparency,disclosure materials|user notices,Annex A.8,2026-04-19,stub,Expand
ISO_42001_2023,ISO/IEC 42001:2023 Annex A — AI Management System controls,ISO/IEC,INT,INT,2023-12-18,false,https://www.iso.org/standard/81230.html,A.9,Use of AI systems,Appropriate use including human oversight.,Use,human_oversight,use policies|oversight records,Annex A.9,2026-04-19,stub,Expand
ISO_42001_2023,ISO/IEC 42001:2023 Annex A — AI Management System controls,ISO/IEC,INT,INT,2023-12-18,false,https://www.iso.org/standard/81230.html,A.10,Third-party and customer relationships,Managing AI-related risks in third-party and customer interactions.,Third-party,third_party_supply_chain,third-party agreements|customer communication records,Annex A.10,2026-04-19,stub,Expand
CO_AI_ACT_2024,Colorado AI Act (SB24-205),Colorado State Legislature,US-CO,US,2026-02-01,true,https://leg.colorado.gov/bills/sb24-205,CO.6-1-1702,Developer duty of care,Developer of a high-risk AI system must use reasonable care to protect consumers from known or reasonably foreseeable risks of algorithmic discrimination.,Developer duty,accountability,developer documentation|risk mitigation evidence|developer-to-deployer disclosure,§6-1-1702,2026-04-19,stub,Verify exact obligations against enacted text of SB24-205
CO_AI_ACT_2024,Colorado AI Act (SB24-205),Colorado State Legislature,US-CO,US,2026-02-01,true,https://leg.colorado.gov/bills/sb24-205,CO.6-1-1703,Deployer risk management program,Deployer of a high-risk AI system must implement a risk management policy and program that is iterative and reviewed at least annually.,Deployer RMP,risk_management,risk management policy|program implementation records|annual review evidence,§6-1-1703,2026-04-19,stub,Expand
CO_AI_ACT_2024,Colorado AI Act (SB24-205),Colorado State Legislature,US-CO,US,2026-02-01,true,https://leg.colorado.gov/bills/sb24-205,CO.6-1-1704,Deployer impact assessments,Deployer must complete an impact assessment before deployment and annually thereafter for each high-risk AI system.,Impact,impact_assessment,annual impact assessment report|pre-deployment impact assessment,§6-1-1704,2026-04-19,stub,Expand
CO_AI_ACT_2024,Colorado AI Act (SB24-205),Colorado State Legislature,US-CO,US,2026-02-01,true,https://leg.colorado.gov/bills/sb24-205,CO.6-1-1705,Consumer notice,Pre-decision notice to consumers subject to consequential decisions made or substantially assisted by high-risk AI.,Disclosure,transparency,consumer notice content|delivery records,§6-1-1705,2026-04-19,stub,Expand
CO_AI_ACT_2024,Colorado AI Act (SB24-205),Colorado State Legislature,US-CO,US,2026-02-01,true,https://leg.colorado.gov/bills/sb24-205,CO.6-1-1706,Right to correct data and appeal,Consumers must be able to correct inaccurate personal data and appeal adverse consequential decisions.,Redress,redress,appeal process documentation|appeals log|data correction log,§6-1-1706,2026-04-19,stub,Expand
CO_AI_ACT_2024,Colorado AI Act (SB24-205),Colorado State Legislature,US-CO,US,2026-02-01,true,https://leg.colorado.gov/bills/sb24-205,CO.6-1-1707,Reporting to Attorney General,Algorithmic discrimination incidents reported to the Colorado Attorney General within the statutory window.,Reporting,recordkeeping,AG notification records|incident-to-report mapping,§6-1-1707,2026-04-19,stub,Verify statutory notification window against enacted text
FINRA_24_09,FINRA Regulatory Notice 24-09,FINRA,US-FIN,US,2024-06-27,true,https://www.finra.org/rules-guidance/notices/24-09,FINRA.SUP,Supervisory procedures for AI use,Written supervisory procedures must address AI use in securities activities including roles responsibilities escalation and exception handling.,Supervision,human_oversight,WSPs addressing AI|supervisory review records|exception log,Notice 24-09 Supervision,2026-04-19,stub,Supervision = human oversight of AI use in securities context
FINRA_24_09,FINRA Regulatory Notice 24-09,FINRA,US-FIN,US,2024-06-27,true,https://www.finra.org/rules-guidance/notices/24-09,FINRA.TEST,Testing and validation,Pre-deployment testing and ongoing validation of AI systems affecting customer activity trading or recommendations.,Testing,testing_monitoring,test plans|validation results|ongoing monitoring reports,Notice 24-09 Testing,2026-04-19,stub,Expand
FINRA_24_09,FINRA Regulatory Notice 24-09,FINRA,US-FIN,US,2024-06-27,true,https://www.finra.org/rules-guidance/notices/24-09,FINRA.REC,Recordkeeping,Preserve records of AI-generated communications and recommendations consistent with SEA Rules 17a-3 and 17a-4 as applicable.,Recordkeeping,recordkeeping,AI-output records|retention schedule|recordkeeping mapping,Notice 24-09 Recordkeeping,2026-04-19,stub,Reference Rules 17a-3 and 17a-4 precisely when verifying
FINRA_24_09,FINRA Regulatory Notice 24-09,FINRA,US-FIN,US,2024-06-27,true,https://www.finra.org/rules-guidance/notices/24-09,FINRA.COMM,Customer communications,AI-generated communications with the public must meet FINRA Rule 2210 content standards and principal approval requirements.,Communications,transparency,AI communication review log|disclosure templates|principal approvals,Notice 24-09 Communications,2026-04-19,stub,Customer comms = disclosure/transparency family
FINRA_24_09,FINRA Regulatory Notice 24-09,FINRA,US-FIN,US,2024-06-27,true,https://www.finra.org/rules-guidance/notices/24-09,FINRA.CYB,Cybersecurity and vendor risk,Third-party AI vendor risk managed consistent with Regulation S-P and FINRA cybersecurity guidance.,Cyber,third_party_supply_chain,vendor risk assessments|cyber controls|Reg S-P evidence,Notice 24-09 Cybersecurity,2026-04-19,stub,Vendor cyber grouped under third_party family; standalone cyber family can be added later if volume justifies
FCA_AI_DP5_22,FCA DP5/22 Artificial Intelligence & Machine Learning + 2024 AI Update,FCA,UK-FIN,UK,2024-01-01,true,https://www.fca.org.uk/publications/discussion-papers/dp5-22-artificial-intelligence-machine-learning,FCA.SMCR,Senior manager accountability for AI,Senior Management Function holders are accountable for AI systems used in UK regulated activities under SM&CR.,Accountability,accountability,SMF statements of responsibility covering AI|allocation records|MRT mapping,DP5/22 §SM&CR,2026-04-19,stub,Verify exact SMF alignment post-2024 AI Update
FCA_AI_DP5_22,FCA DP5/22 Artificial Intelligence & Machine Learning + 2024 AI Update,FCA,UK-FIN,UK,2024-01-01,true,https://www.fca.org.uk/publications/discussion-papers/dp5-22-artificial-intelligence-machine-learning,FCA.MODEL_RISK,Model risk management,Model risk management principles applied to AI/ML proportionate to firm type (SS1/23 for PRA-regulated banks; principles-based for FCA-only firms).,Model risk,risk_management,model inventory|model risk assessments|validation records,DP5/22 §Model risk,2026-04-19,stub,SS1/23 applies to PRA banks; FCA firms proportionate
FCA_AI_DP5_22,FCA DP5/22 Artificial Intelligence & Machine Learning + 2024 AI Update,FCA,UK-FIN,UK,2024-01-01,true,https://www.fca.org.uk/publications/discussion-papers/dp5-22-artificial-intelligence-machine-learning,FCA.CONSUMER_DUTY,Consumer Duty in AI contexts,AI-mediated customer outcomes must meet the Consumer Duty cross-cutting rules and retail customer outcomes framework.,Customer outcomes,impact_assessment,AI-to-customer-outcome mapping|monitoring evidence|Consumer Duty board report,DP5/22 §Consumer Duty,2026-04-19,stub,Consumer Duty is about impact on customer outcomes
FCA_AI_DP5_22,FCA DP5/22 Artificial Intelligence & Machine Learning + 2024 AI Update,FCA,UK-FIN,UK,2024-01-01,true,https://www.fca.org.uk/publications/discussion-papers/dp5-22-artificial-intelligence-machine-learning,FCA.OPRES,Operational resilience,AI systems must fit within firms' operational resilience framework and important business services mapping including impact tolerances.,Resilience,risk_management,IBS mapping including AI|impact tolerance statements|severe but plausible scenarios,DP5/22 §Op Resilience,2026-04-19,stub,Op resilience as sub-domain of risk_management; standalone family addable later if volume justifies
FCA_AI_DP5_22,FCA DP5/22 Artificial Intelligence & Machine Learning + 2024 AI Update,FCA,UK-FIN,UK,2024-01-01,true,https://www.fca.org.uk/publications/discussion-papers/dp5-22-artificial-intelligence-machine-learning,FCA.3RD_PARTY,Third-party AI risk,Outsourcing and third-party risk rules apply to AI vendors and model providers; DORA alignment where relevant for cross-border firms.,Third-party,third_party_supply_chain,vendor inventory including AI|outsourcing assessments|DORA-equivalent controls,DP5/22 §Third-party,2026-04-19,stub,Update for DORA alignment where relevant for UK-EU cross-border
APRA_AI_2025,APRA AI Regulatory Expectations (CPS 230 + supervisory),Australian Prudential Regulation Authority,AU-FIN,AU,2025-07-01,true,https://www.apra.gov.au/operational-risk-management,CPS230.AI_OP_RISK,AI as operational risk,Entities must include AI systems in their operational risk management framework; AI is treated as a significant operational and governance risk by APRA.,Operational risk,risk_management,operational risk profile|AI inventory|AI risk heat map|board-reviewed risk appetite statement,CPS 230 §Operational risk management,2026-04-20,stub,Verify exact CPS 230 final text — stub authored from APRA AI engagement summary Oct 2025
APRA_AI_2025,APRA AI Regulatory Expectations (CPS 230 + supervisory),Australian Prudential Regulation Authority,AU-FIN,AU,2025-07-01,true,https://www.apra.gov.au/operational-risk-management,CPS230.THIRD_PARTY_AI,Third-party AI provider risk,Entities must manage risks arising from third-party AI providers as part of service provider management obligations under CPS 230.,Service provider,third_party_supply_chain,third-party AI inventory|provider risk assessments|service-level agreements|exit/continuity plan,CPS 230 §Service provider management,2026-04-20,stub,CPS 230 explicitly covers material service providers including cloud LLM vendors
APRA_AI_2025,APRA AI Regulatory Expectations (CPS 230 + supervisory),Australian Prudential Regulation Authority,AU-FIN,AU,2025-07-01,true,https://www.apra.gov.au/operational-risk-management,CPS230.CRITICAL_OPS,Critical operations continuity,Where AI supports critical operations the entity must maintain business continuity and recovery capability consistent with CPS 230 tolerance statements.,Operational resilience,risk_management,critical operations map including AI|BCP for AI-dependent processes|tolerance statements|severe-but-plausible scenarios,CPS 230 §Business continuity management,2026-04-20,stub,Expand post CPS 230 effective date 2025-07-01
APRA_AI_2025,APRA AI Regulatory Expectations (CPS 230 + supervisory),Australian Prudential Regulation Authority,AU-FIN,AU,2025-07-01,true,https://www.apra.gov.au/operational-risk-management,CPS230.ACCOUNTABLE_PERSON,Accountable person for AI,Named accountable persons for AI-supported critical operations aligned with Banking Executive Accountability Regime (BEAR)/FAR where applicable.,Accountability,accountability,FAR accountability statement including AI|responsible-person register|board attestation,CPS 230 + FAR alignment,2026-04-20,stub,FAR replaced BEAR from 2024-03 — align accountable-person assignments accordingly
APRA_AI_2025,APRA AI Regulatory Expectations (CPS 230 + supervisory),Australian Prudential Regulation Authority,AU-FIN,AU,2025-07-01,true,https://www.apra.gov.au/operational-risk-management,CPS230.INCIDENT_REPORT,Operational incident reporting,AI-related operational incidents must be reported to APRA under CPS 230 notification obligations; entities must track AI incidents in their register.,Reporting,recordkeeping,AI incident register|APRA notification records|root cause analysis,CPS 230 §Incident notification,2026-04-20,stub,Notification timeline per CPS 230 — verify exact hours
APRA_AI_2025,APRA AI Regulatory Expectations (CPS 230 + supervisory),Australian Prudential Regulation Authority,AU-FIN,AU,2025-07-01,true,https://www.apra.gov.au/operational-risk-management,CPS230.TEST_MONITOR,Testing and monitoring,Entities must test and monitor AI systems as part of operational risk management including scenario analysis and control-effectiveness testing.,Testing,testing_monitoring,AI scenario analyses|control-effectiveness tests|monitoring metrics,CPS 230 §Testing and monitoring,2026-04-20,stub,Expand — APRA supervisory engagements 2025-26 indicate deeper testing expectations
ASIC_AI_2024,ASIC AI Regulatory Expectations (REP 798 + s912A + 2026 priorities),Australian Securities and Investments Commission,AU-FIN,AU,2024-10-29,true,https://asic.gov.au/regulatory-resources/find-a-document/reports/rep-798-beware-the-gap-governance-arrangements-in-the-face-of-ai-innovation/,ASIC.CORP_ACT_912A,Corporations Act efficient honest fairly duty,AFSL holders must provide financial services efficiently honestly and fairly under s912A of the Corporations Act 2001; AI-mediated actions remain bound by this duty.,Conduct,accountability,AFSL compliance plan covering AI|breach reporting under RG 78|conduct monitoring records,Corporations Act 2001 s912A,2026-04-20,stub,Evergreen obligation — ASIC explicitly reminds firms AI does not dilute it
ASIC_AI_2024,ASIC AI Regulatory Expectations (REP 798 + s912A + 2026 priorities),Australian Securities and Investments Commission,AU-FIN,AU,2024-10-29,true,https://asic.gov.au/regulatory-resources/find-a-document/reports/rep-798-beware-the-gap-governance-arrangements-in-the-face-of-ai-innovation/,ASIC.GOV_PACE,Governance framework must match AI adoption pace,Entities must ensure their governance framework keeps pace with AI adoption; ASIC has warned of a governance gap where adoption has outpaced controls.,Governance,accountability,AI governance framework|AI inventory vs control map|governance-to-adoption gap analysis,REP 798 main thesis,2026-04-20,stub,Core finding of REP 798 — expand
ASIC_AI_2024,ASIC AI Regulatory Expectations (REP 798 + s912A + 2026 priorities),Australian Securities and Investments Commission,AU-FIN,AU,2024-10-29,true,https://asic.gov.au/regulatory-resources/find-a-document/reports/rep-798-beware-the-gap-governance-arrangements-in-the-face-of-ai-innovation/,ASIC.CONSUMER_HARM,Preventing consumer harm from AI,ASIC 2026 enforcement priorities target advanced technology harming consumers including automated decisions and agentic AI.,Consumer protection,impact_assessment,consumer impact assessments|complaints logs tagged for AI|harm scenarios reviewed,ASIC 2026 Enforcement Priorities,2026-04-20,stub,Verify exact enforcement priority wording against ASIC 2026 Corporate Plan
ASIC_AI_2024,ASIC AI Regulatory Expectations (REP 798 + s912A + 2026 priorities),Australian Securities and Investments Commission,AU-FIN,AU,2024-10-29,true,https://asic.gov.au/regulatory-resources/find-a-document/reports/rep-798-beware-the-gap-governance-arrangements-in-the-face-of-ai-innovation/,ASIC.AGENTIC_AI,Agentic AI risk,Multi-step autonomous agent systems are a specific ASIC 2026 enforcement priority; firms using agentic AI must demonstrate controls proportionate to the increased autonomy risk.,Risk,risk_management,agentic-AI specific risk assessment|autonomy-level classification|circuit-breaker controls,ASIC 2026 priorities — agentic AI,2026-04-20,stub,Directly relevant to multi-agent debate architecture — DATAPAI stock vertical
ASIC_AI_2024,ASIC AI Regulatory Expectations (REP 798 + s912A + 2026 priorities),Australian Securities and Investments Commission,AU-FIN,AU,2024-10-29,true,https://asic.gov.au/regulatory-resources/find-a-document/reports/rep-798-beware-the-gap-governance-arrangements-in-the-face-of-ai-innovation/,ASIC.MARKET_INTEGRITY,Market integrity obligations,Market participants using AI in trading execution or surveillance remain subject to market integrity rules and must demonstrate AI does not create disorderly markets.,Market conduct,transparency,market integrity procedures covering AI|surveillance logs|anomaly reports,Market Integrity Rules (Competition in Exchange Markets) 2011,2026-04-20,stub,Relevant if broker / exchange / market-maker clients use the product
ASIC_AI_2024,ASIC AI Regulatory Expectations (REP 798 + s912A + 2026 priorities),Australian Securities and Investments Commission,AU-FIN,AU,2024-10-29,true,https://asic.gov.au/regulatory-resources/find-a-document/reports/rep-798-beware-the-gap-governance-arrangements-in-the-face-of-ai-innovation/,ASIC.DISCLOSURE,Disclosure obligations for AI use,Where AI is used in consumer-facing financial services firms must disclose its use consistent with ASIC disclosure guidance and the Design and Distribution Obligations (DDO).,Disclosure,transparency,AI disclosure content|TMD documentation referencing AI|disclosure consistency review,DDO + RG 274 guidance,2026-04-20,stub,Expand — link to AU 6 P4 Transparency
NSW_AIAF_2024,NSW AI Assessment Framework (AIAF) — Circular DCS-2024-04,NSW Government Department of Customer Service / Digital NSW,AU-NSW,AU,2024-10-01,true,https://www.digital.nsw.gov.au/policy/artificial-intelligence/nsw-artificial-intelligence-assessment-framework,AIAF.MANDATE,Mandatory application of AIAF to all NSW Government AI use,All NSW Government use of AI — including any AI system or component across its full lifecycle whether or not part of a formal project — must apply the NSW AI Assessment Framework per Circular DCS-2024-04.,Mandate,accountability,AIAF workbook for each AI use case|AI register entry|sign-off audit record,Circular DCS-2024-04,2026-04-20,top_level_only,Verify Circular number against current NSW Digital policy
NSW_AIAF_2024,NSW AI Assessment Framework (AIAF) — Circular DCS-2024-04,NSW Government Department of Customer Service / Digital NSW,AU-NSW,AU,2024-10-01,true,https://www.digital.nsw.gov.au/policy/artificial-intelligence/nsw-artificial-intelligence-assessment-framework,AIAF.EXPERTISE,Right expertise and use-case documentation (Section 1),Confirm the right expertise is involved and capture key use-case information (description responsible officer date completed) — Section 1 of the AIAF workbook.,Section 1 — Instructions,accountability,use-case description|responsible officer assignment|completion date record,AIAF Section 1,2026-04-20,top_level_only,
NSW_AIAF_2024,NSW AI Assessment Framework (AIAF) — Circular DCS-2024-04,NSW Government Department of Customer Service / Digital NSW,AU-NSW,AU,2024-10-01,true,https://www.digital.nsw.gov.au/policy/artificial-intelligence/nsw-artificial-intelligence-assessment-framework,AIAF.ASSESSMENT,16-question assessment generating risk level (Section 2),Answer the 16 mandatory assessment questions; responses generate the overall risk level and list required assurance activities including PIA HRIA and Cybersecurity review.,Section 2 — Assessment,impact_assessment,completed 16-question assessment|generated risk level|PIA if triggered|HRIA if triggered|cybersecurity review if triggered,AIAF Section 2,2026-04-20,top_level_only,
NSW_AIAF_2024,NSW AI Assessment Framework (AIAF) — Circular DCS-2024-04,NSW Government Department of Customer Service / Digital NSW,AU-NSW,AU,2024-10-01,true,https://www.digital.nsw.gov.au/policy/artificial-intelligence/nsw-artificial-intelligence-assessment-framework,AIAF.DEEP_DIVE,Deep dive on additional focus areas (Section 3 — optional but recommended),Work through the optional focus questions to identify further risks and link to good-practice controls — Section 3 of the AIAF.,Section 3 — Deep Dive,risk_management,deep-dive focus-question responses|control mapping,AIAF Section 3,2026-04-20,top_level_only,Optional but recommended — Digital NSW strongly encourages
NSW_AIAF_2024,NSW AI Assessment Framework (AIAF) — Circular DCS-2024-04,NSW Government Department of Customer Service / Digital NSW,AU-NSW,AU,2024-10-01,true,https://www.digital.nsw.gov.au/policy/artificial-intelligence/nsw-artificial-intelligence-assessment-framework,AIAF.POST_ASSESSMENT,Post-assessment actions and AI register (Section 4),Record sign-off in the Audit Record save the file in the agency's records management system and register High- or Critical-risk use cases in the agency's AI register.,Section 4 — Post-Assessment Actions,recordkeeping,audit record|RMS-stored assessment|agency AI register entry,AIAF Section 4,2026-04-20,top_level_only,
NSW_AIAF_2024,NSW AI Assessment Framework (AIAF) — Circular DCS-2024-04,NSW Government Department of Customer Service / Digital NSW,AU-NSW,AU,2024-10-01,true,https://www.digital.nsw.gov.au/policy/artificial-intelligence/nsw-artificial-intelligence-assessment-framework,AIAF.AIRC_REVIEW,NSW AI Review Committee (AIRC) review for High/Critical use cases,High- or Critical-risk AI use cases identified by the AIAF must be submitted to the AI Secretariat which coordinates NSW AI Review Committee (AIRC) review.,Oversight,human_oversight,AIRC submission|AIRC review outcome|conditions imposed by AIRC,Digital NSW AIRC process,2026-04-20,top_level_only,
NSW_AIAF_2024,NSW AI Assessment Framework (AIAF) — Circular DCS-2024-04,NSW Government Department of Customer Service / Digital NSW,AU-NSW,AU,2024-10-01,true,https://www.digital.nsw.gov.au/policy/artificial-intelligence/nsw-artificial-intelligence-assessment-framework,AIAF.PIA,Privacy Impact Assessment for AI use cases,Where the 16-question AIAF assessment triggers it a Privacy Impact Assessment must be completed against NSW Privacy and Personal Information Protection Act 1998.,Privacy,impact_assessment,completed Privacy Impact Assessment|PIPP Act 1998 alignment evidence|data flow diagram,AIAF-triggered PIA,2026-04-20,top_level_only,
NSW_AIAF_2024,NSW AI Assessment Framework (AIAF) — Circular DCS-2024-04,NSW Government Department of Customer Service / Digital NSW,AU-NSW,AU,2024-10-01,true,https://www.digital.nsw.gov.au/policy/artificial-intelligence/nsw-artificial-intelligence-assessment-framework,AIAF.HRIA,Human Rights Impact Assessment for AI use cases,Where the 16-question AIAF assessment triggers it a Human Rights Impact Assessment must be completed covering affected groups and potential discrimination or exclusion.,Human rights,impact_assessment,completed Human Rights Impact Assessment|affected-group analysis|mitigation plan,AIAF-triggered HRIA,2026-04-20,top_level_only,
APRA_AI_2025,APRA AI Regulatory Expectations (CPS 230 + supervisory),Australian Prudential Regulation Authority,AU-FIN,AU,2025-07-01,true,https://www.apra.gov.au/operational-risk-management,CPS230.MATERIAL_SERVICE_PROVIDER,Material service provider register,Entities must maintain a register of material service providers by 1 October 2025 (CPS 230 para 59); AI model vendors and AI-hosting cloud providers typically qualify as material.,Service provider,third_party_supply_chain,material service provider register|AI provider materiality assessment|register update cadence,CPS 230 para 59,2026-04-20,top_level_only,Specific 1 Oct 2025 deadline — material-arrangement notification
APRA_AI_2025,APRA AI Regulatory Expectations (CPS 230 + supervisory),Australian Prudential Regulation Authority,AU-FIN,AU,2025-07-01,true,https://www.apra.gov.au/operational-risk-management,CPS230.TOLERANCE_BREACH,Critical operations tolerance breach reporting,Entities must report breaches of tolerances for critical operations to APRA (CPS 230 para 42); AI outages in critical ops are in scope.,Operational resilience,recordkeeping,critical operations tolerance statements|tolerance breach register|APRA notifications per para 42,CPS 230 para 42,2026-04-20,top_level_only,
APRA_AI_2025,APRA AI Regulatory Expectations (CPS 230 + supervisory),Australian Prudential Regulation Authority,AU-FIN,AU,2025-07-01,true,https://www.apra.gov.au/operational-risk-management,CPS230.INCIDENT_NOTIFICATION_TIMELINE,Operational-risk incident notification,Operational risk incidents affecting financial or critical operations must be reported to APRA per CPS 230 para 33 — AI-caused incidents (model failure wrong output sustained outage) are in scope.,Reporting,recordkeeping,incident notifications to APRA|AI-cause tagging|root cause analysis,CPS 230 para 33,2026-04-20,top_level_only,
APRA_AI_2025,APRA AI Regulatory Expectations (CPS 230 + supervisory),Australian Prudential Regulation Authority,AU-FIN,AU,2025-07-01,true,https://www.apra.gov.au/operational-risk-management,CPS230.BOARD_OVERSIGHT,Board oversight of operational risk (including AI),The board is responsible for the operational risk management framework under CPS 230 including AI-related operational risks; evidence of board-level discussion and approval is expected.,Governance,accountability,board papers covering AI risk|board risk committee minutes|annual board attestation,CPS 230 §Board responsibilities,2026-04-20,top_level_only,
APRA_AI_2025,APRA AI Regulatory Expectations (CPS 230 + supervisory),Australian Prudential Regulation Authority,AU-FIN,AU,2025-07-01,true,https://www.apra.gov.au/operational-risk-management,CPS230.OUTSOURCING_DUE_DILIGENCE,Due diligence on AI service providers,Entities must conduct and document due diligence on AI service providers before engagement — including model governance data-handling practices and exit feasibility.,Service provider,third_party_supply_chain,pre-engagement due diligence reports|provider risk assessments|annual reassessment records,CPS 230 §Service provider due diligence,2026-04-20,top_level_only,
APRA_AI_2025,APRA AI Regulatory Expectations (CPS 230 + supervisory),Australian Prudential Regulation Authority,AU-FIN,AU,2025-07-01,true,https://www.apra.gov.au/operational-risk-management,CPS230.EXIT_CONTINUITY,Exit and continuity plans for AI providers,Entities must maintain exit and continuity plans for material AI service providers including data-extraction rights and model-substitution capability.,Service provider,third_party_supply_chain,exit plans per material AI provider|continuity test results|contract termination clauses,CPS 230 §Exit plans,2026-04-20,top_level_only,
ASIC_AI_2024,ASIC AI Regulatory Expectations (REP 798 + s912A + 2026 priorities),Australian Securities and Investments Commission,AU-FIN,AU,2024-10-29,true,https://asic.gov.au/regulatory-resources/find-a-document/reports/rep-798-beware-the-gap-governance-arrangements-in-the-face-of-ai-innovation/,ASIC.RG78_BREACH_REPORTING,Breach reporting under Regulatory Guide 78,AI-related compliance failures by AFSL holders fall within the reportable situations regime and must be reported to ASIC per Regulatory Guide 78 within the statutory timeframe.,Breach reporting,recordkeeping,RG 78 breach register|AI-root-cause classification|90-day timeline tracking,Regulatory Guide 78,2026-04-20,top_level_only,REP 798 governance gap increases RG 78 reporting frequency
ASIC_AI_2024,ASIC AI Regulatory Expectations (REP 798 + s912A + 2026 priorities),Australian Securities and Investments Commission,AU-FIN,AU,2024-10-29,true,https://asic.gov.au/regulatory-resources/find-a-document/reports/rep-798-beware-the-gap-governance-arrangements-in-the-face-of-ai-innovation/,ASIC.RG274_DDO_TMD,Design and Distribution Obligations and Target Market Determination,Financial products involving AI-driven recommendations or personalisation remain subject to DDO including TMD review requirements under Regulatory Guide 274.,Product governance,transparency,Target Market Determination documents referencing AI|TMD review cadence|product-distribution records,Regulatory Guide 274,2026-04-20,top_level_only,Relevant for AI-assisted personal advice or personalised PDS
ASIC_AI_2024,ASIC AI Regulatory Expectations (REP 798 + s912A + 2026 priorities),Australian Securities and Investments Commission,AU-FIN,AU,2024-10-29,true,https://asic.gov.au/regulatory-resources/find-a-document/reports/rep-798-beware-the-gap-governance-arrangements-in-the-face-of-ai-innovation/,ASIC.LICENSEE_GOV_GAP,REP 798 licensee governance-gap finding,REP 798 reviewed 23 AFS and credit licensees — finding 60% intend to ramp AI and governance arrangements are slow to change; firms must evidence that governance keeps pace with AI-adoption plans.,Governance,accountability,AI-adoption roadmap vs governance-update schedule|board review of gap|closure-plan minutes,REP 798 main findings,2026-04-20,top_level_only,Headline REP 798 number — 60% licensees ramping AI
ASIC_AI_2024,ASIC AI Regulatory Expectations (REP 798 + s912A + 2026 priorities),Australian Securities and Investments Commission,AU-FIN,AU,2024-10-29,true,https://asic.gov.au/regulatory-resources/find-a-document/reports/rep-798-beware-the-gap-governance-arrangements-in-the-face-of-ai-innovation/,ASIC.THIRD_PARTY_AI_VENDOR,Third-party AI vendor management,REP 798 identified inadequate due diligence on third-party AI vendors; licensees must evidence vendor governance including model provenance and training-data attestations.,Third-party,third_party_supply_chain,vendor due-diligence files|model-provenance attestations|training-data source declarations,REP 798 §Third-party AI providers,2026-04-20,top_level_only,
